City1,City2,Flow,lat1,lon1,lat2,lon2,Flow_Adjusted
Aachen,Augsburg,3.68276E+15,50.76,6.04,48.33,10.9,3682755056
Aachen,Bayreuth,3.1823E+14,50.76,6.04,49.93,11.59,318230158.3
Aachen,Berlin,4.36E+17,50.76,6.04,52.52,13.39,4.35863E+11
Aachen,Bielefeld,8.26167E+15,50.76,6.04,52.04,8.5,8261672747
Aachen,Braunschweig,5.3447E+15,50.76,6.04,52.28,10.55,5344697198
Aachen,Bremen,2.00E+16,50.76,6.04,53.11,8.85,19955127767
Aachen,Bremerhaven,5.08616E+14,50.76,6.04,53.54,8.58,508615862
Aachen,Chemnitz,1.75578E+15,50.76,6.04,50.84,12.93,1755777729
Aachen,Darmstadt,4.02201E+15,50.76,6.04,49.89,8.65,4022011879
Aachen,Dortmund,4.19E+16,50.76,6.04,51.51,7.45,41902583707
Aachen,Dresden,9.22203E+15,50.76,6.04,51.03,13.73,9222025859
Aachen,Duesseldorf,1.68E+17,50.76,6.04,51.25,6.77,1.67516E+11
Aachen,Erfurt,2.16702E+15,50.76,6.04,50.98,11.04,2167022328
Aachen,Essen,5.62E+16,50.76,6.04,51.46,7.02,56176565094
Aachen,Flensburg,2.67219E+14,50.76,6.04,54.77,9.45,267218694.9
Aachen,Frankfurt,1.04E+17,50.76,6.04,50.12,8.71,1.04126E+11
Aachen,Freiburg,3.557E+15,50.76,6.04,47.98,7.8,3556996182
Aachen,Hamburg,2.15E+17,50.76,6.04,53.57,9.99,2.15046E+11
Aachen,Kaiserslautern,9.67808E+14,50.76,6.04,49.43,7.75,967807671.4
Aachen,Karlsruhe,9.72226E+15,50.76,6.04,49.01,8.41,9722264204
Aachen,Kassel,3.29913E+15,50.76,6.04,51.32,9.51,3299129046
Aachen,Kiel,2.33999E+15,50.76,6.04,54.34,10.12,2339987868
Aachen,Koblenz,3.30236E+15,50.76,6.04,50.4,7.52,3302363264
Aachen,Leipzig,1.20E+16,50.76,6.04,51.34,12.38,12031049479
Aachen,Magdeburg,1.89352E+15,50.76,6.04,52.14,11.64,1893515657
Aachen,Mannheim,1.11E+16,50.76,6.04,49.49,8.49,11090328085
Aachen,Oldenburg,1.80682E+15,50.76,6.04,53.11,8.21,1806816833
Aachen,Passau,1.1767E+14,50.76,6.04,48.57,13.46,117670126.7
Aachen,Regensburg,1.68353E+15,50.76,6.04,49,12.09,1683529330
Aachen,Schwerin,3.17402E+14,50.76,6.04,53.55,11.45,317402261.9
Aachen,Stuttgart,1.79E+17,50.76,6.04,48.74,9.1,1.79143E+11
Aachen,Trier,1.6806E+15,50.76,6.04,49.75,6.68,1680602617
Aachen,Ulm,1.26981E+15,50.76,6.04,48.4,9.99,1269807587
Augsburg,Bayreuth,5.41474E+14,48.33,10.9,49.93,11.59,541473912.5
Augsburg,Berlin,3.70E+17,48.33,10.9,52.52,13.39,3.69808E+11
Augsburg,Bielefeld,3.1981E+15,48.33,10.9,52.04,8.5,3198103301
Augsburg,Braunschweig,3.35266E+15,48.33,10.9,52.28,10.55,3352657662
Augsburg,Bremen,9.1485E+15,48.33,10.9,53.11,8.85,9148497632
Augsburg,Bremerhaven,2.32996E+14,48.33,10.9,53.54,8.58,232995866.1
Augsburg,Chemnitz,2.09814E+15,48.33,10.9,50.84,12.93,2098143542
Augsburg,Darmstadt,2.74094E+15,48.33,10.9,49.89,8.65,2740941884
Augsburg,Dortmund,9.74751E+15,48.33,10.9,51.51,7.45,9747513491
Augsburg,Dresden,1.07E+16,48.33,10.9,51.03,13.73,10677904436
Augsburg,Duesseldorf,2.21E+16,48.33,10.9,51.25,6.77,22138063983
Augsburg,Erfurt,2.01029E+15,48.33,10.9,50.98,11.04,2010285164
Augsburg,Essen,1.02E+16,48.33,10.9,51.46,7.02,10169169985
Augsburg,Flensburg,1.44107E+14,48.33,10.9,54.77,9.45,144106983.5
Augsburg,Frankfurt,6.42E+16,48.33,10.9,50.12,8.71,64225619832
Augsburg,Freiburg,3.96628E+15,48.33,10.9,47.98,7.8,3966282738
Augsburg,Hamburg,1.18E+17,48.33,10.9,53.57,9.99,1.17699E+11
Augsburg,Kaiserslautern,5.53342E+14,48.33,10.9,49.43,7.75,553342408.3
Augsburg,Karlsruhe,9.86973E+15,48.33,10.9,49.01,8.41,9869731652
Augsburg,Kassel,1.85161E+15,48.33,10.9,51.32,9.51,1851610669
Augsburg,Kiel,1.31426E+15,48.33,10.9,54.34,10.12,1314264747
Augsburg,Koblenz,8.5565E+14,48.33,10.9,50.4,7.52,855649820.5
Augsburg,Leipzig,1.19E+16,48.33,10.9,51.34,12.38,11932239883
Augsburg,Magdeburg,1.43916E+15,48.33,10.9,52.14,11.64,1439164867
Augsburg,Mannheim,8.87481E+15,48.33,10.9,49.49,8.49,8874805034
Augsburg,Oldenburg,7.48982E+14,48.33,10.9,53.11,8.21,748981555.4
Augsburg,Passau,2.8156E+14,48.33,10.9,48.57,13.46,281560008.3
Augsburg,Regensburg,5.42133E+15,48.33,10.9,49,12.09,5421332654
Augsburg,Schwerin,2.04522E+14,48.33,10.9,53.55,11.45,204521639.7
Augsburg,Stuttgart,3.12E+17,48.33,10.9,48.74,9.1,3.12426E+11
Augsburg,Trier,4.58195E+14,48.33,10.9,49.75,6.68,458194802.3
Augsburg,Ulm,5.65012E+15,48.33,10.9,48.4,9.99,5650117643
Bayreuth,Berlin,4.63E+16,49.93,11.59,52.52,13.39,46314236627
Bayreuth,Bielefeld,3.53385E+14,49.93,11.59,52.04,8.5,353385347.9
Bayreuth,Braunschweig,4.2945E+14,49.93,11.59,52.28,10.55,429449825.5
Bayreuth,Bremen,9.91745E+14,49.93,11.59,53.11,8.85,991745494
Bayreuth,Bremerhaven,2.45068E+13,49.93,11.59,53.54,8.58,24506758.61
Bayreuth,Chemnitz,3.76152E+14,49.93,11.59,50.84,12.93,376151674.9
Bayreuth,Darmstadt,2.45201E+14,49.93,11.59,49.89,8.65,245201443.1
Bayreuth,Dortmund,9.7556E+14,49.93,11.59,51.51,7.45,975559757
Bayreuth,Dresden,1.57124E+15,49.93,11.59,51.03,13.73,1571239520
Bayreuth,Duesseldorf,2.07407E+15,49.93,11.59,51.25,6.77,2074068365
Bayreuth,Erfurt,3.80286E+14,49.93,11.59,50.98,11.04,380286176.3
Bayreuth,Essen,9.82301E+14,49.93,11.59,51.46,7.02,982301293.6
Bayreuth,Flensburg,1.47612E+13,49.93,11.59,54.77,9.45,14761180.88
Bayreuth,Frankfurt,6.24731E+15,49.93,11.59,50.12,8.71,6247314535
Bayreuth,Freiburg,2.07809E+14,49.93,11.59,47.98,7.8,207808664.1
Bayreuth,Hamburg,1.30E+16,49.93,11.59,53.57,9.99,12987742694
Bayreuth,Kaiserslautern,4.0437E+13,49.93,11.59,49.43,7.75,40436954.76
Bayreuth,Karlsruhe,6.1312E+14,49.93,11.59,49.01,8.41,613120110.9
Bayreuth,Kassel,2.38149E+14,49.93,11.59,51.32,9.51,238148843.6
Bayreuth,Kiel,1.39026E+14,49.93,11.59,54.34,10.12,139025739.6
Bayreuth,Koblenz,7.70616E+13,49.93,11.59,50.4,7.52,77061568.77
Bayreuth,Leipzig,1.98828E+15,49.93,11.59,51.34,12.38,1988281988
Bayreuth,Magdeburg,1.97405E+14,49.93,11.59,52.14,11.64,197405213.9
Bayreuth,Mannheim,6.70394E+14,49.93,11.59,49.49,8.49,670394200.6
Bayreuth,Oldenburg,7.87227E+13,49.93,11.59,53.11,8.21,78722683.39
Bayreuth,Passau,2.0864E+13,49.93,11.59,48.57,13.46,20863988.88
Bayreuth,Regensburg,4.48793E+14,49.93,11.59,49,12.09,448792753
Bayreuth,Schwerin,2.33329E+13,49.93,11.59,53.55,11.45,23332875.93
Bayreuth,Stuttgart,1.55E+16,49.93,11.59,48.74,9.1,15455013081
Bayreuth,Trier,3.54717E+13,49.93,11.59,49.75,6.68,35471676.34
Bayreuth,Ulm,1.46513E+14,49.93,11.59,48.4,9.99,146513236.2
Berlin,Bielefeld,6.16E+17,52.52,13.39,52.04,8.5,6.15968E+11
Berlin,Braunschweig,1.10E+18,52.52,13.39,52.28,10.55,1.10192E+12
Berlin,Bremen,2.35E+18,52.52,13.39,53.11,8.85,2.34633E+12
Berlin,Bremerhaven,5.97E+16,52.52,13.39,53.54,8.58,59738674315
Berlin,Chemnitz,5.07E+17,52.52,13.39,50.84,12.93,5.07053E+11
Berlin,Darmstadt,2.15E+17,52.52,13.39,49.89,8.65,2.1548E+11
Berlin,Dortmund,1.45E+18,52.52,13.39,51.51,7.45,1.44882E+12
Berlin,Dresden,3.36E+18,52.52,13.39,51.03,13.73,3.36354E+12
Berlin,Duesseldorf,2.97E+18,52.52,13.39,51.25,6.77,2.97321E+12
Berlin,Erfurt,3.66E+17,52.52,13.39,50.98,11.04,3.65665E+11
Berlin,Essen,1.46E+18,52.52,13.39,51.46,7.02,1.45686E+12
Berlin,Flensburg,4.20E+16,52.52,13.39,54.77,9.45,42000031357
Berlin,Frankfurt,5.65E+18,52.52,13.39,50.12,8.71,5.65349E+12
Berlin,Freiburg,2.09E+17,52.52,13.39,47.98,7.8,2.09335E+11
Berlin,Hamburg,3.92E+19,52.52,13.39,53.57,9.99,3.92392E+13
Berlin,Kaiserslautern,4.01E+16,52.52,13.39,49.43,7.75,40081562178
Berlin,Karlsruhe,5.41E+17,52.52,13.39,49.01,8.41,5.41377E+11
Berlin,Kassel,3.14E+17,52.52,13.39,51.32,9.51,3.13793E+11
Berlin,Kiel,4.32E+17,52.52,13.39,54.34,10.12,4.32013E+11
Berlin,Koblenz,8.89E+16,52.52,13.39,50.4,7.52,88898297216
Berlin,Leipzig,4.10E+18,52.52,13.39,51.34,12.38,4.10357E+12
Berlin,Magdeburg,7.07E+17,52.52,13.39,52.14,11.64,7.07475E+11
Berlin,Mannheim,5.86E+17,52.52,13.39,49.49,8.49,5.85913E+11
Berlin,Oldenburg,1.73E+17,52.52,13.39,53.11,8.21,1.73367E+11
Berlin,Passau,1.78E+16,52.52,13.39,48.57,13.46,17761235285
Berlin,Regensburg,2.25E+17,52.52,13.39,49,12.09,2.25091E+11
Berlin,Schwerin,9.99E+16,52.52,13.39,53.55,11.45,99917296754
Berlin,Stuttgart,1.23E+19,52.52,13.39,48.74,9.1,1.22907E+13
Berlin,Trier,4.11E+16,52.52,13.39,49.75,6.68,41098165017
Berlin,Ulm,1.07E+17,52.52,13.39,48.4,9.99,1.07404E+11
Bielefeld,Braunschweig,1.17E+16,52.04,8.5,52.28,10.55,11670463944
Bielefeld,Bremen,4.68E+16,52.04,8.5,53.11,8.85,46781901032
Bielefeld,Bremerhaven,9.46167E+14,52.04,8.5,53.54,8.58,946167219.9
Bielefeld,Chemnitz,2.22493E+15,52.04,8.5,50.84,12.93,2224934089
Bielefeld,Darmstadt,3.07767E+15,52.04,8.5,49.89,8.65,3077668182
Bielefeld,Dortmund,5.08E+16,52.04,8.5,51.51,7.45,50785087530
Bielefeld,Dresden,1.15E+16,52.04,8.5,51.03,13.73,11520285253
Bielefeld,Duesseldorf,7.40E+16,52.04,8.5,51.25,6.77,73958991573
Bielefeld,Erfurt,3.15488E+15,52.04,8.5,50.98,11.04,3154884003
Bielefeld,Essen,4.23E+16,52.04,8.5,51.46,7.02,42299759782
Bielefeld,Flensburg,3.78582E+14,52.04,8.5,54.77,9.45,378581707
Bielefeld,Frankfurt,8.61E+16,52.04,8.5,50.12,8.71,86122046898
Bielefeld,Freiburg,2.29392E+15,52.04,8.5,47.98,7.8,2293921801
Bielefeld,Hamburg,3.94E+17,52.04,8.5,53.57,9.99,3.93632E+11
Bielefeld,Kaiserslautern,5.51035E+14,52.04,8.5,49.43,7.75,551035071
Bielefeld,Karlsruhe,6.52741E+15,52.04,8.5,49.01,8.41,6527414137
Bielefeld,Kassel,6.82257E+15,52.04,8.5,51.32,9.51,6822568477
Bielefeld,Kiel,3.57589E+15,52.04,8.5,54.34,10.12,3575885033
Bielefeld,Koblenz,1.66284E+15,52.04,8.5,50.4,7.52,1662841199
Bielefeld,Leipzig,1.69E+16,52.04,8.5,51.34,12.38,16944050029
Bielefeld,Magdeburg,3.22188E+15,52.04,8.5,52.14,11.64,3221881072
Bielefeld,Mannheim,7.69603E+15,52.04,8.5,49.49,8.49,7696033987
Bielefeld,Oldenburg,3.94706E+15,52.04,8.5,53.11,8.21,3947064990
Bielefeld,Passau,1.158E+14,52.04,8.5,48.57,13.46,115799716.4
Bielefeld,Regensburg,1.65942E+15,52.04,8.5,49,12.09,1659420696
Bielefeld,Schwerin,5.15764E+14,52.04,8.5,53.55,11.45,515763883.2
Bielefeld,Stuttgart,1.34E+17,52.04,8.5,48.74,9.1,1.33521E+11
Bielefeld,Trier,6.26432E+14,52.04,8.5,49.75,6.68,626432253
Bielefeld,Ulm,1.02949E+15,52.04,8.5,48.4,9.99,1029492622
Braunschweig,Bremen,3.98E+16,52.28,10.55,53.11,8.85,39848792363
Braunschweig,Bremerhaven,8.4706E+14,52.28,10.55,53.54,8.58,847060499.2
Braunschweig,Chemnitz,3.35113E+15,52.28,10.55,50.84,12.93,3351125902
Braunschweig,Darmstadt,2.5613E+15,52.28,10.55,49.89,8.65,2561301676
Braunschweig,Dortmund,2.13E+16,52.28,10.55,51.51,7.45,21331123545
Braunschweig,Dresden,1.74E+16,52.28,10.55,51.03,13.73,17354571933
Braunschweig,Duesseldorf,3.98E+16,52.28,10.55,51.25,6.77,39841845741
Braunschweig,Erfurt,4.64551E+15,52.28,10.55,50.98,11.04,4645507324
Braunschweig,Essen,2.03E+16,52.28,10.55,51.46,7.02,20348903449
Braunschweig,Flensburg,4.23529E+14,52.28,10.55,54.77,9.45,423529154.3
Braunschweig,Frankfurt,6.99E+16,52.28,10.55,50.12,8.71,69931233063
Braunschweig,Freiburg,2.08312E+15,52.28,10.55,47.98,7.8,2083123527
Braunschweig,Hamburg,5.41E+17,52.28,10.55,53.57,9.99,5.41373E+11
Braunschweig,Kaiserslautern,4.50327E+14,52.28,10.55,49.43,7.75,450327357.9
Braunschweig,Karlsruhe,5.77229E+15,52.28,10.55,49.01,8.41,5772288829
Braunschweig,Kassel,5.81999E+15,52.28,10.55,51.32,9.51,5819992492
Braunschweig,Kiel,4.44167E+15,52.28,10.55,54.34,10.12,4441667120
Braunschweig,Koblenz,1.12761E+15,52.28,10.55,50.4,7.52,1127605014
Braunschweig,Leipzig,2.98E+16,52.28,10.55,51.34,12.38,29804653532
Braunschweig,Magdeburg,9.42083E+15,52.28,10.55,52.14,11.64,9420826231
Braunschweig,Mannheim,6.58714E+15,52.28,10.55,49.49,8.49,6587142197
Braunschweig,Oldenburg,2.69091E+15,52.28,10.55,53.11,8.21,2690909429
Braunschweig,Passau,1.3548E+14,52.28,10.55,48.57,13.46,135480240.4
Braunschweig,Regensburg,1.90369E+15,52.28,10.55,49,12.09,1903691675
Braunschweig,Schwerin,9.01439E+14,52.28,10.55,53.55,11.45,901439119.1
Braunschweig,Stuttgart,1.25E+17,52.28,10.55,48.74,9.1,1.2526E+11
Braunschweig,Trier,4.72178E+14,52.28,10.55,49.75,6.68,472178318.7
Braunschweig,Ulm,1.02691E+15,52.28,10.55,48.4,9.99,1026911777
Bremen,Bremerhaven,1.09E+16,53.11,8.85,53.54,8.58,10910054978
Bremen,Chemnitz,6.97986E+15,53.11,8.85,50.84,12.93,6979862149
Bremen,Darmstadt,7.25245E+15,53.11,8.85,49.89,8.65,7252453359
Bremen,Dortmund,8.28E+16,53.11,8.85,51.51,7.45,82801643190
Bremen,Dresden,3.79E+16,53.11,8.85,51.03,13.73,37936332945
Bremen,Duesseldorf,1.54E+17,53.11,8.85,51.25,6.77,1.54236E+11
Bremen,Erfurt,8.40744E+15,53.11,8.85,50.98,11.04,8407443923
Bremen,Essen,8.12E+16,53.11,8.85,51.46,7.02,81175653423
Bremen,Flensburg,2.19447E+15,53.11,8.85,54.77,9.45,2194470954
Bremen,Frankfurt,1.96E+17,53.11,8.85,50.12,8.71,1.9551E+11
Bremen,Freiburg,6.39127E+15,53.11,8.85,47.98,7.8,6391273348
Bremen,Hamburg,3.00E+18,53.11,8.85,53.57,9.99,3.00162E+12
Bremen,Kaiserslautern,1.37774E+15,53.11,8.85,49.43,7.75,1377739247
Bremen,Karlsruhe,1.70E+16,53.11,8.85,49.01,8.41,16985559839
Bremen,Kassel,1.25E+16,53.11,8.85,51.32,9.51,12517880050
Bremen,Kiel,2.19E+16,53.11,8.85,54.34,10.12,21852602803
Bremen,Koblenz,3.62759E+15,53.11,8.85,50.4,7.52,3627591538
Bremen,Leipzig,5.36E+16,53.11,8.85,51.34,12.38,53599466466
Bremen,Magdeburg,1.13E+16,53.11,8.85,52.14,11.64,11252976329
Bremen,Mannheim,1.91E+16,53.11,8.85,49.49,8.49,19091915146
Bremen,Oldenburg,3.93E+16,53.11,8.85,53.11,8.21,39311772947
Bremen,Passau,3.55977E+14,53.11,8.85,48.57,13.46,355976912.9
Bremen,Regensburg,4.85261E+15,53.11,8.85,49,12.09,4852611660
Bremen,Schwerin,2.63516E+15,53.11,8.85,53.55,11.45,2635158954
Bremen,Stuttgart,3.58E+17,53.11,8.85,48.74,9.1,3.57915E+11
Bremen,Trier,1.56324E+15,53.11,8.85,49.75,6.68,1563237404
Bremen,Ulm,2.8685E+15,53.11,8.85,48.4,9.99,2868496873
Bremerhaven,Chemnitz,1.73322E+14,53.54,8.58,50.84,12.93,173321505.3
Bremerhaven,Darmstadt,1.78135E+14,53.54,8.58,49.89,8.65,178135404.5
Bremerhaven,Dortmund,1.95047E+15,53.54,8.58,51.51,7.45,1950470159
Bremerhaven,Dresden,9.566E+14,53.54,8.58,51.03,13.73,956600375.6
Bremerhaven,Duesseldorf,3.80662E+15,53.54,8.58,51.25,6.77,3806618530
Bremerhaven,Erfurt,1.985E+14,53.54,8.58,50.98,11.04,198499749.9
Bremerhaven,Essen,1.96951E+15,53.54,8.58,51.46,7.02,1969509987
Bremerhaven,Flensburg,7.78353E+13,53.54,8.58,54.77,9.45,77835323.75
Bremerhaven,Frankfurt,4.7565E+15,53.54,8.58,50.12,8.71,4756495416
Bremerhaven,Freiburg,1.64806E+14,53.54,8.58,47.98,7.8,164805848.9
Bremerhaven,Hamburg,8.19E+16,53.54,8.58,53.57,9.99,81857672475
Bremerhaven,Kaiserslautern,3.46444E+13,53.54,8.58,49.43,7.75,34644443.19
Bremerhaven,Karlsruhe,4.28587E+14,53.54,8.58,49.01,8.41,428586523.1
Bremerhaven,Kassel,2.78952E+14,53.54,8.58,51.32,9.51,278951903.9
Bremerhaven,Kiel,7.24857E+14,53.54,8.58,54.34,10.12,724857034.6
Bremerhaven,Koblenz,8.91323E+13,53.54,8.58,50.4,7.52,89132333.81
Bremerhaven,Leipzig,1.30453E+15,53.54,8.58,51.34,12.38,1304530880
Bremerhaven,Magdeburg,2.63551E+14,53.54,8.58,52.14,11.64,263551006.6
Bremerhaven,Mannheim,4.75671E+14,53.54,8.58,49.49,8.49,475671286.1
Bremerhaven,Oldenburg,8.69164E+14,53.54,8.58,53.11,8.21,869164239.2
Bremerhaven,Passau,9.14668E+12,53.54,8.58,48.57,13.46,9146677.905
Bremerhaven,Regensburg,1.22805E+14,53.54,8.58,49,12.09,122805099.2
Bremerhaven,Schwerin,6.93857E+13,53.54,8.58,53.55,11.45,69385709.74
Bremerhaven,Stuttgart,9.05133E+15,53.54,8.58,48.74,9.1,9051330469
Bremerhaven,Trier,3.96911E+13,53.54,8.58,49.75,6.68,39691101.1
Bremerhaven,Ulm,7.29083E+13,53.54,8.58,48.4,9.99,72908266.33
Chemnitz,Darmstadt,1.06113E+15,50.84,12.93,49.89,8.65,1061125450
Chemnitz,Dortmund,5.63407E+15,50.84,12.93,51.51,7.45,5634065431
Chemnitz,Dresden,3.37E+16,50.84,12.93,51.03,13.73,33718225259
Chemnitz,Duesseldorf,1.17E+16,50.84,12.93,51.25,6.77,11723572037
Chemnitz,Erfurt,2.31707E+15,50.84,12.93,50.98,11.04,2317072688
Chemnitz,Essen,5.65224E+15,50.84,12.93,51.46,7.02,5652238536
Chemnitz,Flensburg,1.09674E+14,50.84,12.93,54.77,9.45,109673706
Chemnitz,Frankfurt,2.76E+16,50.84,12.93,50.12,8.71,27608734505
Chemnitz,Freiburg,9.8751E+14,50.84,12.93,47.98,7.8,987509949
Chemnitz,Hamburg,9.89E+16,50.84,12.93,53.57,9.99,98948212783
Chemnitz,Kaiserslautern,1.87692E+14,50.84,12.93,49.43,7.75,187691834.4
Chemnitz,Karlsruhe,2.66534E+15,50.84,12.93,49.01,8.41,2665339934
Chemnitz,Kassel,1.36944E+15,50.84,12.93,51.32,9.51,1369438353
Chemnitz,Kiel,1.06162E+15,50.84,12.93,54.34,10.12,1061618783
Chemnitz,Koblenz,3.89701E+14,50.84,12.93,50.4,7.52,389701241.3
Chemnitz,Leipzig,3.23E+16,50.84,12.93,51.34,12.38,32335964903
Chemnitz,Magdeburg,1.88597E+15,50.84,12.93,52.14,11.64,1885966165
Chemnitz,Mannheim,2.88701E+15,50.84,12.93,49.49,8.49,2887014869
Chemnitz,Oldenburg,5.37484E+14,50.84,12.93,53.11,8.21,537484044.3
Chemnitz,Passau,1.09694E+14,50.84,12.93,48.57,13.46,109693500.3
Chemnitz,Regensburg,1.52271E+15,50.84,12.93,49,12.09,1522709878
Chemnitz,Schwerin,1.95287E+14,50.84,12.93,53.55,11.45,195286907.5
Chemnitz,Stuttgart,6.33E+16,50.84,12.93,48.74,9.1,63327391123
Chemnitz,Trier,1.79576E+14,50.84,12.93,49.75,6.68,179576427.5
Chemnitz,Ulm,5.79544E+14,50.84,12.93,48.4,9.99,579543951.4
Darmstadt,Dortmund,1.09E+16,49.89,8.65,51.51,7.45,10896631915
Darmstadt,Dresden,5.24049E+15,49.89,8.65,51.03,13.73,5240492015
Darmstadt,Duesseldorf,2.49E+16,49.89,8.65,51.25,6.77,24942958309
Darmstadt,Erfurt,1.4686E+15,49.89,8.65,50.98,11.04,1468600611
Darmstadt,Essen,1.12E+16,49.89,8.65,51.46,7.02,11176992443
Darmstadt,Flensburg,9.85529E+13,49.89,8.65,54.77,9.45,98552905.69
Darmstadt,Frankfurt,3.25E+17,49.89,8.65,50.12,8.71,3.25446E+11
Darmstadt,Freiburg,2.15627E+15,49.89,8.65,47.98,7.8,2156274796
Darmstadt,Hamburg,8.48E+16,49.89,8.65,53.57,9.99,84833541859
Darmstadt,Kaiserslautern,9.01765E+14,49.89,8.65,49.43,7.75,901765121.9
Darmstadt,Karlsruhe,1.01E+16,49.89,8.65,49.01,8.41,10135536643
Darmstadt,Kassel,1.94774E+15,49.89,8.65,51.32,9.51,1947735917
Darmstadt,Kiel,9.00267E+14,49.89,8.65,54.34,10.12,900267231.7
Darmstadt,Koblenz,1.5054E+15,49.89,8.65,50.4,7.52,1505395947
Darmstadt,Leipzig,7.00292E+15,49.89,8.65,51.34,12.38,7002915159
Darmstadt,Magdeburg,9.71961E+14,49.89,8.65,52.14,11.64,971960701.9
Darmstadt,Mannheim,2.18E+16,49.89,8.65,49.49,8.49,21750201444
Darmstadt,Oldenburg,6.06512E+14,49.89,8.65,53.11,8.21,606511923.3
Darmstadt,Passau,7.31106E+13,49.89,8.65,48.57,13.46,73110639.42
Darmstadt,Regensburg,1.19986E+15,49.89,8.65,49,12.09,1199863564
Darmstadt,Schwerin,1.36286E+14,49.89,8.65,53.55,11.45,136286433.9
Darmstadt,Stuttgart,1.71E+17,49.89,8.65,48.74,9.1,1.71143E+11
Darmstadt,Trier,5.74623E+14,49.89,8.65,49.75,6.68,574622943.7
Darmstadt,Ulm,1.0261E+15,49.89,8.65,48.4,9.99,1026099287
Dortmund,Dresden,2.92E+16,51.51,7.45,51.03,13.73,29187167341
Dortmund,Duesseldorf,5.83E+17,51.51,7.45,51.25,6.77,5.8302E+11
Dortmund,Erfurt,7.65605E+15,51.51,7.45,50.98,11.04,7656051806
Dortmund,Essen,4.96E+17,51.51,7.45,51.46,7.02,4.9571E+11
Dortmund,Flensburg,8.94589E+14,51.51,7.45,54.77,9.45,894588590.5
Dortmund,Frankfurt,3.05E+17,51.51,7.45,50.12,8.71,3.04615E+11
Dortmund,Freiburg,7.79831E+15,51.51,7.45,47.98,7.8,7798311819
Dortmund,Hamburg,7.99E+17,51.51,7.45,53.57,9.99,7.99082E+11
Dortmund,Kaiserslautern,2.0602E+15,51.51,7.45,49.43,7.75,2060201434
Dortmund,Karlsruhe,2.26E+16,51.51,7.45,49.01,8.41,22622417069
Dortmund,Kassel,1.48E+16,51.51,7.45,51.32,9.51,14757338358
Dortmund,Kiel,8.07258E+15,51.51,7.45,54.34,10.12,8072576620
Dortmund,Koblenz,7.71616E+15,51.51,7.45,50.4,7.52,7716155233
Dortmund,Leipzig,4.06E+16,51.51,7.45,51.34,12.38,40588081108
Dortmund,Magdeburg,6.87551E+15,51.51,7.45,52.14,11.64,6875509598
Dortmund,Mannheim,2.72E+16,51.51,7.45,49.49,8.49,27180777324
Dortmund,Oldenburg,7.56291E+15,51.51,7.45,53.11,8.21,7562909972
Dortmund,Passau,3.30139E+14,51.51,7.45,48.57,13.46,330139475.7
Dortmund,Regensburg,4.77922E+15,51.51,7.45,49,12.09,4779216755
Dortmund,Schwerin,1.11763E+15,51.51,7.45,53.55,11.45,1117627831
Dortmund,Stuttgart,4.40E+17,51.51,7.45,48.74,9.1,4.40412E+11
Dortmund,Trier,2.58614E+15,51.51,7.45,49.75,6.68,2586141820
Dortmund,Ulm,3.24624E+15,51.51,7.45,48.4,9.99,3246240100
Dresden,Duesseldorf,6.12E+16,51.03,13.73,51.25,6.77,61173522853
Dresden,Erfurt,9.61774E+15,51.03,13.73,50.98,11.04,9617744922
Dresden,Essen,2.95E+16,51.03,13.73,51.46,7.02,29476403699
Dresden,Flensburg,6.30238E+14,51.03,13.73,54.77,9.45,630238358.1
Dresden,Frankfurt,1.36E+17,51.03,13.73,50.12,8.71,1.35632E+11
Dresden,Freiburg,5.17661E+15,51.03,13.73,47.98,7.8,5176613113
Dresden,Hamburg,5.55E+17,51.03,13.73,53.57,9.99,5.54737E+11
Dresden,Kaiserslautern,9.56559E+14,51.03,13.73,49.43,7.75,956558874.4
Dresden,Karlsruhe,1.35E+16,51.03,13.73,49.01,8.41,13518690323
Dresden,Kassel,6.6357E+15,51.03,13.73,51.32,9.51,6635702729
Dresden,Kiel,6.1036E+15,51.03,13.73,54.34,10.12,6103604980
Dresden,Koblenz,1.98392E+15,51.03,13.73,50.4,7.52,1983919747
Dresden,Leipzig,1.28E+17,51.03,13.73,51.34,12.38,1.2774E+11
Dresden,Magdeburg,9.8824E+15,51.03,13.73,52.14,11.64,9882398051
Dresden,Mannheim,1.44E+16,51.03,13.73,49.49,8.49,14442015918
Dresden,Oldenburg,2.91832E+15,51.03,13.73,53.11,8.21,2918318370
Dresden,Passau,5.98157E+14,51.03,13.73,48.57,13.46,598156609.4
Dresden,Regensburg,7.47952E+15,51.03,13.73,49,12.09,7479517201
Dresden,Schwerin,1.13516E+15,51.03,13.73,53.55,11.45,1135160785
Dresden,Stuttgart,3.20E+17,51.03,13.73,48.74,9.1,3.20016E+11
Dresden,Trier,9.3168E+14,51.03,13.73,49.75,6.68,931680431
Dresden,Ulm,2.9415E+15,51.03,13.73,48.4,9.99,2941497905
Duesseldorf,Erfurt,1.52E+16,51.25,6.77,50.98,11.04,15190659035
Duesseldorf,Essen,1.19E+18,51.25,6.77,51.46,7.02,1.1946E+12
Duesseldorf,Flensburg,1.85824E+15,51.25,6.77,54.77,9.45,1858237717
Duesseldorf,Frankfurt,6.77E+17,51.25,6.77,50.12,8.71,6.76568E+11
Duesseldorf,Freiburg,1.91E+16,51.25,6.77,47.98,7.8,19134705491
Duesseldorf,Hamburg,1.57E+18,51.25,6.77,53.57,9.99,1.56707E+12
Duesseldorf,Kaiserslautern,5.17663E+15,51.25,6.77,49.43,7.75,5176632787
Duesseldorf,Karlsruhe,5.45E+16,51.25,6.77,49.01,8.41,54485557975
Duesseldorf,Kassel,2.59E+16,51.25,6.77,51.32,9.51,25869829681
Duesseldorf,Kiel,1.65E+16,51.25,6.77,54.34,10.12,16468938518
Duesseldorf,Koblenz,2.04E+16,51.25,6.77,50.4,7.52,20392095856
Duesseldorf,Leipzig,8.24E+16,51.25,6.77,51.34,12.38,82441978951
Duesseldorf,Magdeburg,1.35E+16,51.25,6.77,52.14,11.64,13480573886
Duesseldorf,Mannheim,6.45E+16,51.25,6.77,49.49,8.49,64493285865
Duesseldorf,Oldenburg,1.42E+16,51.25,6.77,53.11,8.21,14168264540
Duesseldorf,Passau,7.30912E+14,51.25,6.77,48.57,13.46,730911780.8
Duesseldorf,Regensburg,1.05E+16,51.25,6.77,49,12.09,10522924640
Duesseldorf,Schwerin,2.24091E+15,51.25,6.77,53.55,11.45,2240907442
Duesseldorf,Stuttgart,1.03E+18,51.25,6.77,48.74,9.1,1.03432E+12
Duesseldorf,Trier,7.28479E+15,51.25,6.77,49.75,6.68,7284789201
Duesseldorf,Ulm,7.48685E+15,51.25,6.77,48.4,9.99,7486849510
Erfurt,Essen,7.42951E+15,50.98,11.04,51.46,7.02,7429507932
Erfurt,Flensburg,1.12079E+14,50.98,11.04,54.77,9.45,112079322.9
Erfurt,Frankfurt,4.02E+16,50.98,11.04,50.12,8.71,40187712626
Erfurt,Freiburg,1.06158E+15,50.98,11.04,47.98,7.8,1061576130
Erfurt,Hamburg,1.09E+17,50.98,11.04,53.57,9.99,1.08716E+11
Erfurt,Kaiserslautern,2.3211E+14,50.98,11.04,49.43,7.75,232110042.3
Erfurt,Karlsruhe,3.16356E+15,50.98,11.04,49.01,8.41,3163555156
Erfurt,Kassel,2.6543E+15,50.98,11.04,51.32,9.51,2654304294
Erfurt,Kiel,1.08794E+15,50.98,11.04,54.34,10.12,1087936142
Erfurt,Koblenz,5.24629E+14,50.98,11.04,50.4,7.52,524629102.8
Erfurt,Leipzig,1.93E+16,50.98,11.04,51.34,12.38,19270365584
Erfurt,Magdeburg,2.12032E+15,50.98,11.04,52.14,11.64,2120318871
Erfurt,Mannheim,3.68799E+15,50.98,11.04,49.49,8.49,3687987935
Erfurt,Oldenburg,6.46041E+14,50.98,11.04,53.11,8.21,646041368.6
Erfurt,Passau,7.86068E+13,50.98,11.04,48.57,13.46,78606815.61
Erfurt,Regensburg,1.25151E+15,50.98,11.04,49,12.09,1251513602
Erfurt,Schwerin,1.93748E+14,50.98,11.04,53.55,11.45,193748131.5
Erfurt,Stuttgart,7.18E+16,50.98,11.04,48.74,9.1,71778154467
Erfurt,Trier,2.19071E+14,50.98,11.04,49.75,6.68,219071241.3
Erfurt,Ulm,6.02717E+14,50.98,11.04,48.4,9.99,602716785.4
Essen,Flensburg,9.25535E+14,51.46,7.02,54.77,9.45,925534749.6
Essen,Frankfurt,3.07E+17,51.46,7.02,50.12,8.71,3.06717E+11
Essen,Freiburg,8.45064E+15,51.46,7.02,47.98,7.8,8450639058
Essen,Hamburg,7.98E+17,51.46,7.02,53.57,9.99,7.97821E+11
Essen,Kaiserslautern,2.22595E+15,51.46,7.02,49.43,7.75,2225953446
Essen,Karlsruhe,2.41E+16,51.46,7.02,49.01,8.41,24070071855
Essen,Kassel,1.32E+16,51.46,7.02,51.32,9.51,13234202826
Essen,Kiel,8.24549E+15,51.46,7.02,54.34,10.12,8245491133
Essen,Koblenz,8.34993E+15,51.46,7.02,50.4,7.52,8349929999
Essen,Leipzig,4.02E+16,51.46,7.02,51.34,12.38,40230203696
Essen,Magdeburg,6.72173E+15,51.46,7.02,52.14,11.64,6721733171
Essen,Mannheim,2.85E+16,51.46,7.02,49.49,8.49,28538466554
Essen,Oldenburg,7.52674E+15,51.46,7.02,53.11,8.21,7526738350
Essen,Passau,3.41885E+14,51.46,7.02,48.57,13.46,341885114.6
Essen,Regensburg,4.91498E+15,51.46,7.02,49,12.09,4914980677
Essen,Schwerin,1.12062E+15,51.46,7.02,53.55,11.45,1120621644
Essen,Stuttgart,4.64E+17,51.46,7.02,48.74,9.1,4.64344E+11
Essen,Trier,2.95226E+15,51.46,7.02,49.75,6.68,2952261723
Essen,Ulm,3.40511E+15,51.46,7.02,48.4,9.99,3405106637
Flensburg,Frankfurt,2.58898E+15,54.77,9.45,50.12,8.71,2588983174
Flensburg,Freiburg,9.95733E+13,54.77,9.45,47.98,7.8,99573292.14
Flensburg,Hamburg,4.11E+16,54.77,9.45,53.57,9.99,41096382834
Flensburg,Kaiserslautern,1.96062E+13,54.77,9.45,49.43,7.75,19606247.36
Flensburg,Karlsruhe,2.49082E+14,54.77,9.45,49.01,8.41,249082444.9
Flensburg,Kassel,1.37699E+14,54.77,9.45,51.32,9.51,137698692.6
Flensburg,Kiel,1.12399E+15,54.77,9.45,54.34,10.12,1123991901
Flensburg,Koblenz,4.69664E+13,54.77,9.45,50.4,7.52,46966352.44
Flensburg,Leipzig,8.03408E+14,54.77,9.45,51.34,12.38,803407884.1
Flensburg,Magdeburg,1.54735E+14,54.77,9.45,52.14,11.64,154735249
Flensburg,Mannheim,2.69568E+14,54.77,9.45,49.49,8.49,269568147.6
Flensburg,Oldenburg,1.72254E+14,54.77,9.45,53.11,8.21,172253599.4
Flensburg,Passau,5.94344E+12,54.77,9.45,48.57,13.46,5943441.143
Flensburg,Regensburg,7.6774E+13,54.77,9.45,49,12.09,76773998.41
Flensburg,Schwerin,5.20118E+13,54.77,9.45,53.55,11.45,52011786.16
Flensburg,Stuttgart,5.36453E+15,54.77,9.45,48.74,9.1,5364527962
Flensburg,Trier,2.21031E+13,54.77,9.45,49.75,6.68,22103139.75
Flensburg,Ulm,4.43139E+13,54.77,9.45,48.4,9.99,44313906.36
Frankfurt,Freiburg,4.83E+16,50.12,8.71,47.98,7.8,48333530491
Frankfurt,Hamburg,2.26E+18,50.12,8.71,53.57,9.99,2.2626E+12
Frankfurt,Kaiserslautern,1.81E+16,50.12,8.71,49.43,7.75,18058099201
Frankfurt,Karlsruhe,2.01E+17,50.12,8.71,49.01,8.41,2.01148E+11
Frankfurt,Kassel,5.73E+16,50.12,8.71,51.32,9.51,57276371315
Frankfurt,Kiel,2.37E+16,50.12,8.71,54.34,10.12,23747806149
Frankfurt,Koblenz,4.12E+16,50.12,8.71,50.4,7.52,41159008138
Frankfurt,Leipzig,1.85E+17,50.12,8.71,51.34,12.38,1.85373E+11
Frankfurt,Magdeburg,2.61E+16,50.12,8.71,52.14,11.64,26113459718
Frankfurt,Mannheim,3.48E+17,50.12,8.71,49.49,8.49,3.48223E+11
Frankfurt,Oldenburg,1.63E+16,50.12,8.71,53.11,8.21,16316260347
Frankfurt,Passau,1.80103E+15,50.12,8.71,48.57,13.46,1801031037
Frankfurt,Regensburg,2.94E+16,50.12,8.71,49,12.09,29357971717
Frankfurt,Schwerin,3.61113E+15,50.12,8.71,53.55,11.45,3611131954
Frankfurt,Stuttgart,3.62E+18,50.12,8.71,48.74,9.1,3.62253E+12
Frankfurt,Trier,1.35E+16,50.12,8.71,49.75,6.68,13540005973
Frankfurt,Ulm,2.32E+16,50.12,8.71,48.4,9.99,23214226264
Freiburg,Hamburg,7.86E+16,47.98,7.8,53.57,9.99,78622396777
Freiburg,Kaiserslautern,6.52916E+14,47.98,7.8,49.43,7.75,652916397.1
Freiburg,Karlsruhe,1.16E+16,47.98,7.8,49.01,8.41,11581857266
Freiburg,Kassel,1.19869E+15,47.98,7.8,51.32,9.51,1198692977
Freiburg,Kiel,8.86463E+14,47.98,7.8,54.34,10.12,886463174.7
Freiburg,Koblenz,7.77244E+14,47.98,7.8,50.4,7.52,777244143.6
Freiburg,Leipzig,6.13803E+15,47.98,7.8,51.34,12.38,6138033340
Freiburg,Magdeburg,8.3408E+14,47.98,7.8,52.14,11.64,834079934.3
Freiburg,Mannheim,8.06152E+15,47.98,7.8,49.49,8.49,8061517787
Freiburg,Oldenburg,5.39826E+14,47.98,7.8,53.11,8.21,539825562.6
Freiburg,Passau,9.24225E+13,47.98,7.8,48.57,13.46,92422543.76
Freiburg,Regensburg,1.35281E+15,47.98,7.8,49,12.09,1352809857
Freiburg,Schwerin,1.29534E+14,47.98,7.8,53.55,11.45,129534123.4
Freiburg,Stuttgart,2.50E+17,47.98,7.8,48.74,9.1,2.49763E+11
Freiburg,Trier,5.42193E+14,47.98,7.8,49.75,6.68,542192957.1
Freiburg,Ulm,1.65184E+15,47.98,7.8,48.4,9.99,1651837923
Hamburg,Kaiserslautern,1.62E+16,53.57,9.99,49.43,7.75,16169245880
Hamburg,Karlsruhe,2.05E+17,53.57,9.99,49.01,8.41,2.04857E+11
Hamburg,Kassel,1.39E+17,53.57,9.99,51.32,9.51,1.38634E+11
Hamburg,Kiel,5.57E+17,53.57,9.99,54.34,10.12,5.57364E+11
Hamburg,Koblenz,4.00E+16,53.57,9.99,50.4,7.52,40016996600
Hamburg,Leipzig,7.70E+17,53.57,9.99,51.34,12.38,7.69964E+11
Hamburg,Magdeburg,1.73E+17,53.57,9.99,52.14,11.64,1.72547E+11
Hamburg,Mannheim,2.27E+17,53.57,9.99,49.49,8.49,2.26564E+11
Hamburg,Oldenburg,1.79E+17,53.57,9.99,53.11,8.21,1.78585E+11
Hamburg,Passau,4.8186E+15,53.57,9.99,48.57,13.46,4818600891
Hamburg,Regensburg,6.41E+16,53.57,9.99,49,12.09,64089872006
Hamburg,Schwerin,6.71E+16,53.57,9.99,53.55,11.45,67130043187
Hamburg,Stuttgart,4.41E+18,53.57,9.99,48.74,9.1,4.40784E+12
Hamburg,Trier,1.79E+16,53.57,9.99,49.75,6.68,17880528120
Hamburg,Ulm,3.62E+16,53.57,9.99,48.4,9.99,36199657448
Kaiserslautern,Karlsruhe,3.3217E+15,49.43,7.75,49.01,8.41,3321696375
Kaiserslautern,Kassel,2.99335E+14,49.43,7.75,51.32,9.51,299334799.4
Kaiserslautern,Kiel,1.76108E+14,49.43,7.75,54.34,10.12,176108005.7
Kaiserslautern,Koblenz,2.99893E+14,49.43,7.75,50.4,7.52,299892566.5
Kaiserslautern,Leipzig,1.22016E+15,49.43,7.75,51.34,12.38,1220159530
Kaiserslautern,Magdeburg,1.71923E+14,49.43,7.75,52.14,11.64,171923136.5
Kaiserslautern,Mannheim,4.09181E+15,49.43,7.75,49.49,8.49,4091813436
Kaiserslautern,Oldenburg,1.1719E+14,49.43,7.75,53.11,8.21,117189768.3
Kaiserslautern,Passau,1.43038E+13,49.43,7.75,48.57,13.46,14303809.93
Kaiserslautern,Regensburg,2.22312E+14,49.43,7.75,49,12.09,222312149.3
Kaiserslautern,Schwerin,2.58115E+13,49.43,7.75,53.55,11.45,25811503.51
Kaiserslautern,Stuttgart,4.00E+16,49.43,7.75,48.74,9.1,39970797311
Kaiserslautern,Trier,2.12285E+14,49.43,7.75,49.75,6.68,212285420.5
Kaiserslautern,Ulm,2.17904E+14,49.43,7.75,48.4,9.99,217903786.5
Karlsruhe,Kassel,3.68684E+15,49.01,8.41,51.32,9.51,3686843786
Karlsruhe,Kiel,2.24658E+15,49.01,8.41,54.34,10.12,2246584692
Karlsruhe,Koblenz,2.64698E+15,49.01,8.41,50.4,7.52,2646980266
Karlsruhe,Leipzig,1.68E+16,49.01,8.41,51.34,12.38,16834656855
Karlsruhe,Magdeburg,2.27504E+15,49.01,8.41,52.14,11.64,2275042191
Karlsruhe,Mannheim,5.56E+16,49.01,8.41,49.49,8.49,55588305303
Karlsruhe,Oldenburg,1.4271E+15,49.01,8.41,53.11,8.21,1427096593
Karlsruhe,Passau,2.21671E+14,49.01,8.41,48.57,13.46,221670867.7
Karlsruhe,Regensburg,3.57325E+15,49.01,8.41,49,12.09,3573248495
Karlsruhe,Schwerin,3.34949E+14,49.01,8.41,53.55,11.45,334948910.6
Karlsruhe,Stuttgart,1.15E+18,49.01,8.41,48.74,9.1,1.1488E+12
Karlsruhe,Trier,1.62842E+15,49.01,8.41,49.75,6.68,1628423849
Karlsruhe,Ulm,4.38546E+15,49.01,8.41,48.4,9.99,4385462571
Kassel,Kiel,1.3206E+15,51.32,9.51,54.34,10.12,1320602794
Kassel,Koblenz,8.41783E+14,51.32,9.51,50.4,7.52,841782998.8
Kassel,Leipzig,1.07E+16,51.32,9.51,51.34,12.38,10652220197
Kassel,Magdeburg,1.80356E+15,51.32,9.51,52.14,11.64,1803557105
Kassel,Mannheim,4.54855E+15,51.32,9.51,49.49,8.49,4548545117
Kassel,Oldenburg,9.83371E+14,51.32,9.51,53.11,8.21,983370608.9
Kassel,Passau,6.53853E+13,51.32,9.51,48.57,13.46,65385288.7
Kassel,Regensburg,9.96655E+14,51.32,9.51,49,12.09,996655214.7
Kassel,Schwerin,2.14923E+14,51.32,9.51,53.55,11.45,214922547.1
Kassel,Stuttgart,7.70E+16,51.32,9.51,48.74,9.1,76983739634
Kassel,Trier,3.02529E+14,51.32,9.51,49.75,6.68,302529486
Kassel,Ulm,5.93763E+14,51.32,9.51,48.4,9.99,593762753.9
Kiel,Koblenz,4.23105E+14,54.34,10.12,50.4,7.52,423105201.9
Kiel,Leipzig,7.94743E+15,54.34,10.12,51.34,12.38,7947430175
Kiel,Magdeburg,1.6135E+15,54.34,10.12,52.14,11.64,1613499426
Kiel,Mannheim,2.44537E+15,54.34,10.12,49.49,8.49,2445370400
Kiel,Oldenburg,1.58156E+15,54.34,10.12,53.11,8.21,1581555206
Kiel,Passau,5.47332E+13,54.34,10.12,48.57,13.46,54733217.15
Kiel,Regensburg,7.10573E+14,54.34,10.12,49,12.09,710572894.9
Kiel,Schwerin,6.68805E+14,54.34,10.12,53.55,11.45,668805120.3
Kiel,Stuttgart,4.86E+16,54.34,10.12,48.74,9.1,48573012638
Kiel,Trier,1.95982E+14,54.34,10.12,49.75,6.68,195982332.2
Kiel,Ulm,4.02404E+14,54.34,10.12,48.4,9.99,402404499.8
Koblenz,Leipzig,2.66388E+15,50.4,7.52,51.34,12.38,2663881940
Koblenz,Magdeburg,4.02959E+14,50.4,7.52,52.14,11.64,402959498
Koblenz,Mannheim,3.58014E+15,50.4,7.52,49.49,8.49,3580140708
Koblenz,Oldenburg,3.14079E+14,50.4,7.52,53.11,8.21,314079217.6
Koblenz,Passau,2.56446E+13,50.4,7.52,48.57,13.46,25644559.44
Koblenz,Regensburg,3.88269E+14,50.4,7.52,49,12.09,388268983.2
Koblenz,Schwerin,6.10892E+13,50.4,7.52,53.55,11.45,61089156.94
Koblenz,Stuttgart,4.58E+16,50.4,7.52,48.74,9.1,45775615043
Koblenz,Trier,3.82506E+14,50.4,7.52,49.75,6.68,382505992.3
Koblenz,Ulm,3.03936E+14,50.4,7.52,48.4,9.99,303935944
Leipzig,Magdeburg,1.98E+16,51.34,12.38,52.14,11.64,19808055417
Leipzig,Mannheim,1.86E+16,51.34,12.38,49.49,8.49,18621040199
Leipzig,Oldenburg,4.04227E+15,51.34,12.38,53.11,8.21,4042274564
Leipzig,Passau,5.58784E+14,51.34,12.38,48.57,13.46,558784271.3
Leipzig,Regensburg,7.88326E+15,51.34,12.38,49,12.09,7883262522
Leipzig,Schwerin,1.54999E+15,51.34,12.38,53.55,11.45,1549986714
Leipzig,Stuttgart,3.89E+17,51.34,12.38,48.74,9.1,3.89016E+11
Leipzig,Trier,1.19058E+15,51.34,12.38,49.75,6.68,1190576826
Leipzig,Ulm,3.42474E+15,51.34,12.38,48.4,9.99,3424736948
Magdeburg,Mannheim,2.54853E+15,52.14,11.64,49.49,8.49,2548531430
Magdeburg,Oldenburg,8.01934E+14,52.14,11.64,53.11,8.21,801934307.2
Magdeburg,Passau,6.2341E+13,52.14,11.64,48.57,13.46,62340963.18
Magdeburg,Regensburg,8.6069E+14,52.14,11.64,49,12.09,860689751.5
Magdeburg,Schwerin,3.66585E+14,52.14,11.64,53.55,11.45,366584648.5
Magdeburg,Stuttgart,5.07E+16,52.14,11.64,48.74,9.1,50698831715
Magdeburg,Trier,1.75556E+14,52.14,11.64,49.75,6.68,175556473
Magdeburg,Ulm,4.2896E+14,52.14,11.64,48.4,9.99,428959528.9
Mannheim,Oldenburg,1.60241E+15,49.49,8.49,53.11,8.21,1602408509
Mannheim,Passau,2.17971E+14,49.49,8.49,48.57,13.46,217971190.3
Mannheim,Regensburg,3.56471E+15,49.49,8.49,49,12.09,3564714162
Mannheim,Schwerin,3.66868E+14,49.49,8.49,53.55,11.45,366868283
Mannheim,Stuttgart,7.08E+17,49.49,8.49,48.74,9.1,7.08329E+11
Mannheim,Trier,1.81262E+15,49.49,8.49,49.75,6.68,1812623590
Mannheim,Ulm,3.57725E+15,49.49,8.49,48.4,9.99,3577253233
Oldenburg,Passau,2.86447E+13,53.11,8.21,48.57,13.46,28644695.03
Oldenburg,Regensburg,3.90642E+14,53.11,8.21,49,12.09,390642138.7
Oldenburg,Schwerin,1.79749E+14,53.11,8.21,53.55,11.45,179748988.5
Oldenburg,Stuttgart,2.98E+16,53.11,8.21,48.74,9.1,29793027688
Oldenburg,Trier,1.35953E+14,53.11,8.21,49.75,6.68,135953191.5
Oldenburg,Ulm,2.36718E+14,53.11,8.21,48.4,9.99,236718012.2
Passau,Regensburg,2.37169E+14,48.57,13.46,49,12.09,237168857.8
Passau,Schwerin,8.82114E+12,48.57,13.46,53.55,11.45,8821138.134
Passau,Stuttgart,5.78135E+15,48.57,13.46,48.74,9.1,5781349366
Passau,Trier,1.31547E+13,48.57,13.46,49.75,6.68,13154670.64
Passau,Ulm,6.31577E+13,48.57,13.46,48.4,9.99,63157721.44
Regensburg,Schwerin,1.15051E+14,49,12.09,53.55,11.45,115051029.2
Regensburg,Stuttgart,9.75E+16,49,12.09,48.74,9.1,97496454638
Regensburg,Trier,1.94309E+14,49,12.09,49.75,6.68,194308900.2
Regensburg,Ulm,1.11834E+15,49,12.09,48.4,9.99,1118338852
Schwerin,Stuttgart,7.34765E+15,53.55,11.45,48.74,9.1,7347649920
Schwerin,Trier,2.7771E+13,53.55,11.45,49.75,6.68,27771014.53
Schwerin,Ulm,6.16999E+13,53.55,11.45,48.4,9.99,61699941.27
Stuttgart,Trier,2.62E+16,48.74,9.1,49.75,6.68,26244016963
Stuttgart,Ulm,1.75E+17,48.74,9.1,48.4,9.99,1.74686E+11
Trier,Ulm,1.68258E+14,49.75,6.68,48.4,9.99,168258293.4
